sku_id,category,dept_cd,list_cost,landed_cost,list_price
K-001,Dairy,DAIR,2.75,3.05,3.82
K-002,Meat,MEAT,3.5,3.89,4.86
K-003,Produce,PROD,4.25,4.72,5.9
K-004,HBA,HBA,5.0,5.55,6.94
K-005,Frozen,FROZ,5.75,6.38,7.99
K-006,Grocery,GROC,6.5,7.22,9.03
K-007,Dairy,DAIR,7.25,8.05,10.07
K-008,Meat,MEAT,8.0,8.88,11.11
K-009,Produce,PROD,8.75,9.71,12.15
K-010,HBA,HBA,9.5,10.55,13.19
K-011,Frozen,FROZ,10.25,11.38,14.24
K-012,Grocery,GROC,11.0,12.21,15.28
K-013,Dairy,DAIR,11.75,13.04,16.32
K-014,Meat,MEAT,12.5,13.88,17.36
K-015,Produce,PROD,13.25,14.71,18.4
K-016,HBA,HBA,14.0,15.54,19.44
K-017,Frozen,FROZ,2.0,2.22,2.78
K-018,Grocery,GROC,2.75,3.05,3.82
K-019,Dairy,DAIR,3.5,3.89,4.86
K-020,Meat,MEAT,4.25,4.72,5.9
K-021,Produce,PROD,5.0,5.55,6.94
K-022,HBA,HBA,5.75,6.38,7.99
K-023,Frozen,FROZ,6.5,7.22,9.03
K-024,Grocery,GROC,7.25,8.05,10.07
K-025,Dairy,DAIR,8.0,8.88,11.11
K-026,Meat,MEAT,8.75,9.71,12.15
K-027,Produce,PROD,9.5,10.55,13.19
K-028,HBA,HBA,10.25,11.38,14.24
K-029,Frozen,FROZ,11.0,12.21,15.28
K-030,Grocery,GROC,11.75,13.04,16.32
K-031,Dairy,DAIR,12.5,13.88,17.36
K-032,Meat,MEAT,13.25,14.71,18.4
K-033,Produce,PROD,14.0,15.54,19.44
K-034,HBA,HBA,2.0,2.22,2.78
K-035,Frozen,FROZ,2.75,3.05,3.82
K-036,Grocery,GROC,3.5,3.89,4.86
K-037,Dairy,DAIR,4.25,4.72,5.9
K-038,Meat,MEAT,5.0,5.55,6.94
K-039,Produce,PROD,5.75,6.38,7.99
K-040,HBA,HBA,6.5,7.22,9.03
K-041,Frozen,FROZ,7.25,8.05,10.07
K-042,Grocery,GROC,8.0,8.88,11.11
K-043,Dairy,DAIR,8.75,9.71,12.15
K-044,Meat,MEAT,9.5,10.55,13.19
K-045,Produce,PROD,10.25,11.38,14.24
K-046,HBA,HBA,11.0,12.21,15.28
K-047,Frozen,FROZ,11.75,13.04,16.32
K-048,Grocery,GROC,12.5,13.88,17.36
K-049,Dairy,DAIR,13.25,14.71,18.4
K-050,Meat,MEAT,14.0,15.54,19.44
K-051,Produce,PROD,2.0,2.22,2.78
K-052,HBA,HBA,2.75,3.05,3.82
K-053,Frozen,FROZ,3.5,3.89,4.86
K-054,Grocery,GROC,4.25,4.72,5.9
K-055,Dairy,DAIR,5.0,5.55,6.94
K-056,Meat,MEAT,5.75,6.38,7.99
K-057,Produce,PROD,6.5,7.22,9.03
K-058,HBA,HBA,7.25,8.05,10.07
K-059,Frozen,FROZ,8.0,8.88,11.11
K-060,Grocery,GROC,8.75,9.71,12.15
